,query,ground_truth,response
0,"The following given embeddings correspond to ""walking upstairs"": [[-5.076305, 1.7408359, -2.902853, -0.55341023, -0.81120956]], and the following given embeddings correspond to ""standing"": [[-1.9468635, -2.1567733, -1.0101343, 1.9028323, 1.6436882]]; classify the embedding [-5.792083,3.3064451,-0.92833024,1.219453,-0.9610221] as either ""walking upstairs"" or ""standing"", considering the minimum distance to the example embeddings, provided that the distance metric chosen is euclidean distance. Answer in one word.",Walking upstairs,"""walking upstairs"""
1,"The following given embeddings correspond to ""walking upstairs"": [[-4.009798, 5.322399, -1.4578505, -1.325021, 0.10261815]], and the following given embeddings correspond to ""standing"": [[-0.9421838, -2.0975964, 0.43702975, 0.95452386, -0.47477707]]; classify the embedding [-5.076305,1.7408359,-2.902853,-0.55341023,-0.81120956] as either ""walking upstairs"" or ""standing"", considering the minimum distance to the example embeddings, provided that the distance metric chosen is euclidean distance. Answer in one word.",Walking upstairs,"""walking upstairs"""
2,"The following given embeddings correspond to ""walking upstairs"": [[-5.6235905, 4.5995426, 0.9834703, 0.8861999, 1.0988021]], and the following given embeddings correspond to ""standing"": [[1.3765509, -4.3166237, 0.26958993, 1.6892262, 0.62252665]]; classify the embedding [-4.75639,4.115443,-0.9465123,-2.1096606,0.8035668] as either ""walking upstairs"" or ""standing"", considering the minimum distance to the example embeddings, provided that the distance metric chosen is euclidean distance. Answer in one word.",Walking upstairs,"""walking upstairs"""
3,"The following given embeddings correspond to ""walking upstairs"": [[-3.1772337, 3.0382633, -1.4780004, 1.4260274, -0.6216547]], and the following given embeddings correspond to ""standing"": [[0.25293824, -4.7755814, 0.086997114, 0.27772316, 1.31074]]; classify the embedding [-3.2428114,2.3284461,0.14955412,-0.38134545,-1.7283546] as either ""walking upstairs"" or ""standing"", considering the minimum distance to the example embeddings, provided that the distance metric chosen is euclidean distance. Answer in one word.",Walking upstairs,"""walking upstairs"""
4,"The following given embeddings correspond to ""walking upstairs"": [[-4.7134924, 3.6589568, -0.71499735, -2.8685927, 0.38147187]], and the following given embeddings correspond to ""standing"": [[-0.122257024, -7.3535695, -0.78678185, -2.234852, 0.20996147]]; classify the embedding [-3.7010624,2.3592887,0.63671553,-0.6013471,-0.98583037] as either ""walking upstairs"" or ""standing"", considering the minimum distance to the example embeddings, provided that the distance metric chosen is euclidean distance. Answer in one word.",Walking upstairs,"""walking upstairs"""
5,"The following given embeddings correspond to ""walking upstairs"": [[-3.0502517, 1.7913238, -1.1927105, 0.737132, -1.0657306]], and the following given embeddings correspond to ""standing"": [[0.49267638, -4.3916917, -2.9657083, -0.66245466, 0.46364462]]; classify the embedding [-3.120091,5.3768377,-2.0916028,-0.8420451,0.31694996] as either ""walking upstairs"" or ""standing"", considering the minimum distance to the example embeddings, provided that the distance metric chosen is euclidean distance. Answer in one word.",Walking upstairs,"""walking upstairs"""
6,"The following given embeddings correspond to ""walking upstairs"": [[-5.7137513, 2.2670653, -2.4821918, 1.4776005, -1.1167184]], and the following given embeddings correspond to ""standing"": [[-0.8662159, -7.3211117, 0.3289122, -0.44151103, 1.3616375]]; classify the embedding [-6.361476,3.2365205,-0.705585,0.6885916,0.10376305] as either ""walking upstairs"" or ""standing"", considering the minimum distance to the example embeddings, provided that the distance metric chosen is euclidean distance. Answer in one word.",Walking upstairs,"""walking upstairs"""
7,"The following given embeddings correspond to ""walking upstairs"": [[-4.009798, 5.322399, -1.4578505, -1.325021, 0.10261815]], and the following given embeddings correspond to ""standing"": [[-1.0336496, -7.396545, -1.2458619, -0.8798205, 0.70402074]]; classify the embedding [-3.0502517,1.7913238,-1.1927105,0.737132,-1.0657306] as either ""walking upstairs"" or ""standing"", considering the minimum distance to the example embeddings, provided that the distance metric chosen is euclidean distance. Answer in one word.",Walking upstairs,"""standing"""
8,"The following given embeddings correspond to ""walking upstairs"": [[-4.7134924, 3.6589568, -0.71499735, -2.8685927, 0.38147187]], and the following given embeddings correspond to ""standing"": [[-2.3166962, -1.160856, 0.003838245, -1.1532955, 1.307919]]; classify the embedding [-3.4768486,2.4624279,-1.3380798,0.30368152,-1.6878368] as either ""walking upstairs"" or ""standing"", considering the minimum distance to the example embeddings, provided that the distance metric chosen is euclidean distance. Answer in one word.",Walking upstairs,"""walking upstairs"""
9,"The following given embeddings correspond to ""walking upstairs"": [[-5.9118295, 3.2700853, 0.86460096, 0.8949979, 0.06862982]], and the following given embeddings correspond to ""standing"": [[-0.18211886, -3.3229125, 2.13622, -0.10512839, 0.3719291]]; classify the embedding [-4.009219,3.1789849,-0.87990713,-2.2521818,1.4930665] as either ""walking upstairs"" or ""standing"", considering the minimum distance to the example embeddings, provided that the distance metric chosen is euclidean distance. Answer in one word.",Walking upstairs,"""walking upstairs"""
10,"The following given embeddings correspond to ""walking upstairs"": [[-4.04851, 7.235186, -0.57348543, 2.0583763, 0.5501709]], and the following given embeddings correspond to ""standing"": [[0.080886334, -7.168687, -0.5899205, -0.585609, -1.028242]]; classify the embedding [-6.25396,3.1759472,-1.7607567,0.7290308,-0.8895179] as either ""walking upstairs"" or ""standing"", considering the minimum distance to the example embeddings, provided that the distance metric chosen is euclidean distance. Answer in one word.",Walking upstairs,"""walking upstairs"""
11,"The following given embeddings correspond to ""walking upstairs"": [[-6.224316, 2.457638, -1.6116703, 0.872811, -0.46810338]], and the following given embeddings correspond to ""standing"": [[1.2490602, -4.0088043, 1.634809, -2.318733, 0.8710571]]; classify the embedding [-3.1562607,1.9670067,-2.0576432,-0.4359645,-1.5136908] as either ""walking upstairs"" or ""standing"", considering the minimum distance to the example embeddings, provided that the distance metric chosen is euclidean distance. Answer in one word.",Walking upstairs,"""walking upstairs"""
12,"The following given embeddings correspond to ""walking upstairs"": [[-2.7751892, 6.3612237, 0.7335022, -0.27231896, -1.61238]], and the following given embeddings correspond to ""standing"": [[-1.0336496, -7.396545, -1.2458619, -0.8798205, 0.70402074]]; classify the embedding [-5.6235905,4.5995426,0.9834703,0.8861999,1.0988021] as either ""walking upstairs"" or ""standing"", considering the minimum distance to the example embeddings, provided that the distance metric chosen is euclidean distance. Answer in one word.",Walking upstairs,"""walking upstairs"""
13,"The following given embeddings correspond to ""walking upstairs"": [[-3.6431553, 4.326739, -0.32519883, -2.9261308, 0.31385034]], and the following given embeddings correspond to ""standing"": [[-0.0011116681, -3.4599752, -1.7144727, 0.28049263, -0.074395]]; classify the embedding [-4.7134924,3.6589568,-0.71499735,-2.8685927,0.38147187] as either ""walking upstairs"" or ""standing"", considering the minimum distance to the example embeddings, provided that the distance metric chosen is euclidean distance. Answer in one word.",Walking upstairs,"""walking upstairs"""
14,"The following given embeddings correspond to ""walking upstairs"": [[-4.6817546, 2.8473163, -3.039707, -0.97847295, -1.8237445]], and the following given embeddings correspond to ""standing"": [[1.4495947, -6.170768, -0.17415261, -0.40479907, 0.53894454]]; classify the embedding [-4.406009,3.0921407,-2.333903,-1.1622133,-2.1974497] as either ""walking upstairs"" or ""standing"", considering the minimum distance to the example embeddings, provided that the distance metric chosen is euclidean distance. Answer in one word.",Walking upstairs,"""walking upstairs"""
15,"The following given embeddings correspond to ""walking upstairs"": [[-4.009798, 5.322399, -1.4578505, -1.325021, 0.10261815]], and the following given embeddings correspond to ""standing"": [[0.33968276, -4.656997, 2.1766343, -0.53746927, 0.13529515]]; classify the embedding [-3.94809,1.8131099,-2.3663268,-0.43861553,-1.2786331] as either ""walking upstairs"" or ""standing"", considering the minimum distance to the example embeddings, provided that the distance metric chosen is euclidean distance. Answer in one word.",Walking upstairs,"""Standing"""
16,"The following given embeddings correspond to ""walking upstairs"": [[-3.120091, 5.3768377, -2.0916028, -0.8420451, 0.31694996]], and the following given embeddings correspond to ""standing"": [[0.07822245, -4.6281385, -0.62153, 0.9922517, 0.8274268]]; classify the embedding [-4.009798,5.322399,-1.4578505,-1.325021,0.10261815] as either ""walking upstairs"" or ""standing"", considering the minimum distance to the example embeddings, provided that the distance metric chosen is euclidean distance. Answer in one word.",Walking upstairs,"""walking upstairs"""
17,"The following given embeddings correspond to ""walking upstairs"": [[-5.9364657, 2.2319982, -2.053843, 1.5356833, -1.0108643]], and the following given embeddings correspond to ""standing"": [[-1.1349448, -5.936717, -0.509255, 0.92807853, 1.4276212]]; classify the embedding [-5.198532,1.7559481,-2.8997457,-0.07178157,-1.0049103] as either ""walking upstairs"" or ""standing"", considering the minimum distance to the example embeddings, provided that the distance metric chosen is euclidean distance. Answer in one word.",Walking upstairs,"""walking upstairs"""
18,"The following given embeddings correspond to ""walking upstairs"": [[-4.885994, 1.7323529, -2.90344, -0.7125339, -0.8495937]], and the following given embeddings correspond to ""standing"": [[-1.0336496, -7.396545, -1.2458619, -0.8798205, 0.70402074]]; classify the embedding [-3.36614,3.7616687,-0.67783064,-2.328591,1.3509747] as either ""walking upstairs"" or ""standing"", considering the minimum distance to the example embeddings, provided that the distance metric chosen is euclidean distance. Answer in one word.",Walking upstairs,"""walking upstairs"""
19,"The following given embeddings correspond to ""walking upstairs"": [[-2.7751892, 6.3612237, 0.7335022, -0.27231896, -1.61238]], and the following given embeddings correspond to ""standing"": [[-0.34298435, -5.876675, 0.2562164, 0.65319175, -0.056260098]]; classify the embedding [-5.7137513,2.2670653,-2.4821918,1.4776005,-1.1167184] as either ""walking upstairs"" or ""standing"", considering the minimum distance to the example embeddings, provided that the distance metric chosen is euclidean distance. Answer in one word.",Walking upstairs,"""walking upstairs"""
20,"The following given embeddings correspond to ""walking upstairs"": [[-5.9118295, 3.2700853, 0.86460096, 0.8949979, 0.06862982]], and the following given embeddings correspond to ""standing"": [[0.7663479, -5.4260664, -1.7949287, 1.2523683, 1.0620341]]; classify the embedding [-4.5848727,3.6060658,-0.527894,-2.7992637,0.27608064] as either ""walking upstairs"" or ""standing"", considering the minimum distance to the example embeddings, provided that the distance metric chosen is euclidean distance. Answer in one word.",Walking upstairs,"""walking upstairs"""
21,"The following given embeddings correspond to ""walking upstairs"": [[-6.096328, 3.09931, -2.2246444, -0.22922505, -0.6155426]], and the following given embeddings correspond to ""standing"": [[-0.122257024, -7.3535695, -0.78678185, -2.234852, 0.20996147]]; classify the embedding [-2.2148666,7.5125356,-0.29983285,1.9586775,-1.7186338] as either ""walking upstairs"" or ""standing"", considering the minimum distance to the example embeddings, provided that the distance metric chosen is euclidean distance. Answer in one word.",Walking upstairs,"""standing"""
22,"The following given embeddings correspond to ""walking upstairs"": [[-4.001965, 4.7209125, -1.9907018, -1.653356, 0.14284374]], and the following given embeddings correspond to ""standing"": [[-2.4032788, -2.9460561, 0.14188763, 0.40383202, 2.3533626]]; classify the embedding [-3.1772337,3.0382633,-1.4780004,1.4260274,-0.6216547] as either ""walking upstairs"" or ""standing"", considering the minimum distance to the example embeddings, provided that the distance metric chosen is euclidean distance. Answer in one word.",Walking upstairs,"""walking upstairs"""
23,"The following given embeddings correspond to ""walking upstairs"": [[-5.076305, 1.7408359, -2.902853, -0.55341023, -0.81120956]], and the following given embeddings correspond to ""standing"": [[0.54232264, -4.7298813, -0.78682256, -0.96865726, -0.2580693]]; classify the embedding [-5.9364657,2.2319982,-2.053843,1.5356833,-1.0108643] as either ""walking upstairs"" or ""standing"", considering the minimum distance to the example embeddings, provided that the distance metric chosen is euclidean distance. Answer in one word.",Walking upstairs,"""walking upstairs"""
24,"The following given embeddings correspond to ""walking upstairs"": [[-5.076305, 1.7408359, -2.902853, -0.55341023, -0.81120956]], and the following given embeddings correspond to ""standing"": [[-0.9421838, -2.0975964, 0.43702975, 0.95452386, -0.47477707]]; classify the embedding [-5.730072,4.125327,1.2120308,0.9051691,0.8371698] as either ""walking upstairs"" or ""standing"", considering the minimum distance to the example embeddings, provided that the distance metric chosen is euclidean distance. Answer in one word.",Walking upstairs,standing
25,"The following given embeddings correspond to ""walking upstairs"": [[-3.1772337, 3.0382633, -1.4780004, 1.4260274, -0.6216547]], and the following given embeddings correspond to ""standing"": [[0.79600793, -6.7479577, -0.4308525, 0.8520164, 2.849198]]; classify the embedding [-5.314758,2.9073749,-2.8130364,-0.95246446,-0.726452] as either ""walking upstairs"" or ""standing"", considering the minimum distance to the example embeddings, provided that the distance metric chosen is euclidean distance. Answer in one word.",Walking upstairs,"""walking upstairs"""
26,"The following given embeddings correspond to ""walking upstairs"": [[-5.5888467, 4.366289, 1.5215753, 0.53284484, -0.13361911]], and the following given embeddings correspond to ""standing"": [[1.0162781, -8.171378, -0.4571596, -0.7013477, 1.0654172]]; classify the embedding [-3.8344731,5.7693114,-1.5985053,-0.738098,0.0273768] as either ""walking upstairs"" or ""standing"", considering the minimum distance to the example embeddings, provided that the distance metric chosen is euclidean distance. Answer in one word.",Walking upstairs,"""walking upstairs"""
27,"The following given embeddings correspond to ""walking upstairs"": [[-3.7010624, 2.3592887, 0.63671553, -0.6013471, -0.98583037]], and the following given embeddings correspond to ""standing"": [[-0.34298435, -5.876675, 0.2562164, 0.65319175, -0.056260098]]; classify the embedding [-4.885994,1.7323529,-2.90344,-0.7125339,-0.8495937] as either ""walking upstairs"" or ""standing"", considering the minimum distance to the example embeddings, provided that the distance metric chosen is euclidean distance. Answer in one word.",Walking upstairs,"""walking upstairs"""
28,"The following given embeddings correspond to ""walking upstairs"": [[-4.406009, 3.0921407, -2.333903, -1.1622133, -2.1974497]], and the following given embeddings correspond to ""standing"": [[2.1066544, -5.131281, -2.029693, -0.62923896, -0.8232381]]; classify the embedding [-6.224316,2.457638,-1.6116703,0.872811,-0.46810338] as either ""walking upstairs"" or ""standing"", considering the minimum distance to the example embeddings, provided that the distance metric chosen is euclidean distance. Answer in one word.",Walking upstairs,"""walking upstairs"""
29,"The following given embeddings correspond to ""walking upstairs"": [[-3.2790256, 1.3436085, -0.69321316, 1.0810105, -1.5936505]], and the following given embeddings correspond to ""standing"": [[-0.390563, -5.1196117, 1.5677732, -0.641395, -1.7045617]]; classify the embedding [-4.044665,4.517953,-0.27345616,-2.1968486,0.56130874] as either ""walking upstairs"" or ""standing"", considering the minimum distance to the example embeddings, provided that the distance metric chosen is euclidean distance. Answer in one word.",Walking upstairs,"""walking upstairs"""
30,"The following given embeddings correspond to ""walking upstairs"": [[-2.7751892, 6.3612237, 0.7335022, -0.27231896, -1.61238]], and the following given embeddings correspond to ""standing"": [[-1.491848, -0.96880174, -0.15585656, 0.43682182, 0.8348927]]; classify the embedding [-5.5236406,4.6840796,1.7606262,0.6753489,0.15990359] as either ""walking upstairs"" or ""standing"", considering the minimum distance to the example embeddings, provided that the distance metric chosen is euclidean distance. Answer in one word.",Walking upstairs,"""walking upstairs"""
31,"The following given embeddings correspond to ""walking upstairs"": [[-4.001965, 4.7209125, -1.9907018, -1.653356, 0.14284374]], and the following given embeddings correspond to ""standing"": [[-0.390563, -5.1196117, 1.5677732, -0.641395, -1.7045617]]; classify the embedding [-5.9118295,3.2700853,0.86460096,0.8949979,0.06862982] as either ""walking upstairs"" or ""standing"", considering the minimum distance to the example embeddings, provided that the distance metric chosen is euclidean distance. Answer in one word.",Walking upstairs,"""walking upstairs"""
32,"The following given embeddings correspond to ""walking upstairs"": [[-5.5236406, 4.6840796, 1.7606262, 0.6753489, 0.15990359]], and the following given embeddings correspond to ""standing"": [[0.8091439, -4.6456738, 3.2592332, -1.4874858, -0.7720761]]; classify the embedding [-5.640543,4.3866415,0.98860353,0.88572246,1.1024505] as either ""walking upstairs"" or ""standing"", considering the minimum distance to the example embeddings, provided that the distance metric chosen is euclidean distance. Answer in one word.",Walking upstairs,"""walking upstairs"""
33,"The following given embeddings correspond to ""walking upstairs"": [[-4.6817546, 2.8473163, -3.039707, -0.97847295, -1.8237445]], and the following given embeddings correspond to ""standing"": [[0.8091439, -4.6456738, 3.2592332, -1.4874858, -0.7720761]]; classify the embedding [-4.1193147,2.8681557,1.2627962,-0.73517627,-0.7707147] as either ""walking upstairs"" or ""standing"", considering the minimum distance to the example embeddings, provided that the distance metric chosen is euclidean distance. Answer in one word.",Walking upstairs,"""standing"""
34,"The following given embeddings correspond to ""walking upstairs"": [[-4.1193147, 2.8681557, 1.2627962, -0.73517627, -0.7707147]], and the following given embeddings correspond to ""standing"": [[-0.55919915, -7.8148766, -1.510627, 0.53975475, 1.3182033]]; classify the embedding [-5.307865,4.1155,1.6328663,0.27352458,-0.7614025] as either ""walking upstairs"" or ""standing"", considering the minimum distance to the example embeddings, provided that the distance metric chosen is euclidean distance. Answer in one word.",Walking upstairs,"""walking upstairs"""
35,"The following given embeddings correspond to ""walking upstairs"": [[-5.314758, 2.9073749, -2.8130364, -0.95246446, -0.726452]], and the following given embeddings correspond to ""standing"": [[0.86933804, -4.925359, -0.22786577, 1.2933285, -0.33108622]]; classify the embedding [-5.5888467,4.366289,1.5215753,0.53284484,-0.13361911] as either ""walking upstairs"" or ""standing"", considering the minimum distance to the example embeddings, provided that the distance metric chosen is euclidean distance. Answer in one word.",Walking upstairs,"""walking upstairs"""
36,"The following given embeddings correspond to ""walking upstairs"": [[-4.009798, 5.322399, -1.4578505, -1.325021, 0.10261815]], and the following given embeddings correspond to ""standing"": [[-1.7835755, -2.5389419, 0.11771666, 0.56437194, 2.4239557]]; classify the embedding [-2.7751892,6.3612237,0.7335022,-0.27231896,-1.61238] as either ""walking upstairs"" or ""standing"", considering the minimum distance to the example embeddings, provided that the distance metric chosen is euclidean distance. Answer in one word.",Walking upstairs,"""walking upstairs"""
37,"The following given embeddings correspond to ""walking upstairs"": [[-3.1772337, 3.0382633, -1.4780004, 1.4260274, -0.6216547]], and the following given embeddings correspond to ""standing"": [[0.9175852, -4.979748, -1.7302738, -1.876939, -0.8293218]]; classify the embedding [-4.333715,3.1364107,-2.2572422,-1.1816716,-2.2926648] as either ""walking upstairs"" or ""standing"", considering the minimum distance to the example embeddings, provided that the distance metric chosen is euclidean distance. Answer in one word.",Walking upstairs,"""walking upstairs"""
38,"The following given embeddings correspond to ""walking upstairs"": [[-5.307865, 4.1155, 1.6328663, 0.27352458, -0.7614025]], and the following given embeddings correspond to ""standing"": [[-1.1185786, -2.9511583, 0.31519985, 1.006409, 2.205639]]; classify the embedding [-5.6428933,4.208862,-0.53602725,0.2651943,1.4663367] as either ""walking upstairs"" or ""standing"", considering the minimum distance to the example embeddings, provided that the distance metric chosen is euclidean distance. Answer in one word.",Walking upstairs,"""walking upstairs"""
39,"The following given embeddings correspond to ""walking upstairs"": [[-4.009219, 3.1789849, -0.87990713, -2.2521818, 1.4930665]], and the following given embeddings correspond to ""standing"": [[-0.37850675, -3.2671413, 0.2770736, 0.35051423, -2.1660113]]; classify the embedding [-6.11066,3.0776792,-0.46450174,0.9497943,-0.40563044] as either ""walking upstairs"" or ""standing"", considering the minimum distance to the example embeddings, provided that the distance metric chosen is euclidean distance. Answer in one word.",Walking upstairs,"""walking upstairs"""
40,"The following given embeddings correspond to ""walking upstairs"": [[-4.4912276, 3.7096927, -0.5026423, -3.0412376, 0.10126639]], and the following given embeddings correspond to ""standing"": [[-0.37850675, -3.2671413, 0.2770736, 0.35051423, -2.1660113]]; classify the embedding [-4.001965,4.7209125,-1.9907018,-1.653356,0.14284374] as either ""walking upstairs"" or ""standing"", considering the minimum distance to the example embeddings, provided that the distance metric chosen is euclidean distance. Answer in one word.",Walking upstairs,walking upstairs
41,"The following given embeddings correspond to ""walking upstairs"": [[-4.4912276, 3.7096927, -0.5026423, -3.0412376, 0.10126639]], and the following given embeddings correspond to ""standing"": [[-2.3166962, -1.160856, 0.003838245, -1.1532955, 1.307919]]; classify the embedding [-5.337369,3.4191983,-2.7584486,-1.258198,-0.24840687] as either ""walking upstairs"" or ""standing"", considering the minimum distance to the example embeddings, provided that the distance metric chosen is euclidean distance. Answer in one word.",Walking upstairs,"""walking upstairs"""
42,"The following given embeddings correspond to ""walking upstairs"": [[-6.096328, 3.09931, -2.2246444, -0.22922505, -0.6155426]], and the following given embeddings correspond to ""standing"": [[1.5887738, -4.937034, -0.5566278, -0.09922437, -1.4943081]]; classify the embedding [-3.6431553,4.326739,-0.32519883,-2.9261308,0.31385034] as either ""walking upstairs"" or ""standing"", considering the minimum distance to the example embeddings, provided that the distance metric chosen is euclidean distance. Answer in one word.",Walking upstairs,"""walking upstairs"""
43,"The following given embeddings correspond to ""walking upstairs"": [[-3.120091, 5.3768377, -2.0916028, -0.8420451, 0.31694996]], and the following given embeddings correspond to ""standing"": [[-1.6940695, -8.067567, 0.4286485, 0.880811, 1.3184977]]; classify the embedding [-3.4791412,7.4584723,-2.4814892,1.726004,0.1729171] as either ""walking upstairs"" or ""standing"", considering the minimum distance to the example embeddings, provided that the distance metric chosen is euclidean distance. Answer in one word.",Walking upstairs,"""walking upstairs"""
44,"The following given embeddings correspond to ""walking upstairs"": [[-5.198532, 1.7559481, -2.8997457, -0.07178157, -1.0049103]], and the following given embeddings correspond to ""standing"": [[-1.3387595, -2.8138065, 1.1431009, 1.0927002, 3.250423]]; classify the embedding [-4.04851,7.235186,-0.57348543,2.0583763,0.5501709] as either ""walking upstairs"" or ""standing"", considering the minimum distance to the example embeddings, provided that the distance metric chosen is euclidean distance. Answer in one word.",Walking upstairs,"""Standing"""
45,"The following given embeddings correspond to ""walking upstairs"": [[-6.096328, 3.09931, -2.2246444, -0.22922505, -0.6155426]], and the following given embeddings correspond to ""standing"": [[-1.3387595, -2.8138065, 1.1431009, 1.0927002, 3.250423]]; classify the embedding [-5.079572,5.9357934,-0.9309995,0.047605228,0.6110321] as either ""walking upstairs"" or ""standing"", considering the minimum distance to the example embeddings, provided that the distance metric chosen is euclidean distance. Answer in one word.",Walking upstairs,"""walking upstairs"""
46,"The following given embeddings correspond to ""walking upstairs"": [[-3.120091, 5.3768377, -2.0916028, -0.8420451, 0.31694996]], and the following given embeddings correspond to ""standing"": [[-1.4145079, -1.0034944, 1.3938, 1.2669489, 1.4877614]]; classify the embedding [-2.1304395,6.9746146,1.0861703,1.1347502,-1.2420224] as either ""walking upstairs"" or ""standing"", considering the minimum distance to the example embeddings, provided that the distance metric chosen is euclidean distance. Answer in one word.",Walking upstairs,"""walking upstairs"""
47,"The following given embeddings correspond to ""walking upstairs"": [[-4.4912276, 3.7096927, -0.5026423, -3.0412376, 0.10126639]], and the following given embeddings correspond to ""standing"": [[-0.0011116681, -3.4599752, -1.7144727, 0.28049263, -0.074395]]; classify the embedding [-2.9843829,7.157519,-1.0529609,2.5267282,0.68287504] as either ""walking upstairs"" or ""standing"", considering the minimum distance to the example embeddings, provided that the distance metric chosen is euclidean distance. Answer in one word.",Walking upstairs,"""walking upstairs"""
48,"The following given embeddings correspond to ""walking upstairs"": [[-3.94809, 1.8131099, -2.3663268, -0.43861553, -1.2786331]], and the following given embeddings correspond to ""standing"": [[1.0000443, -4.107597, 2.4854112, -1.4460403, 0.22468321]]; classify the embedding [-4.07806,3.8726747,0.022469329,-2.2706592,0.7202187] as either ""walking upstairs"" or ""standing"", considering the minimum distance to the example embeddings, provided that the distance metric chosen is euclidean distance. Answer in one word.",Walking upstairs,"""standing"""
49,"The following given embeddings correspond to ""walking upstairs"": [[-3.0502517, 1.7913238, -1.1927105, 0.737132, -1.0657306]], and the following given embeddings correspond to ""standing"": [[0.7897884, -3.5470722, -1.2968684, -1.8538375, 0.59023756]]; classify the embedding [-3.1323664,6.8147798,-1.2063615,2.06047,0.9670218] as either ""walking upstairs"" or ""standing"", considering the minimum distance to the example embeddings, provided that the distance metric chosen is euclidean distance. Answer in one word.",Walking upstairs,standing
50,"The following given embeddings correspond to ""walking upstairs"": [[-3.120091, 5.3768377, -2.0916028, -0.8420451, 0.31694996]], and the following given embeddings correspond to ""standing"": [[-0.021277925, -4.5891347, -1.6399105, -0.4412619, -1.1156725]]; classify the embedding [-6.096328,3.09931,-2.2246444,-0.22922505,-0.6155426] as either ""walking upstairs"" or ""standing"", considering the minimum distance to the example embeddings, provided that the distance metric chosen is euclidean distance. Answer in one word.",Walking upstairs,"""walking upstairs"""
51,"The following given embeddings correspond to ""walking upstairs"": [[-5.792083, 3.3064451, -0.92833024, 1.219453, -0.9610221]], and the following given embeddings correspond to ""standing"": [[-1.4145079, -1.0034944, 1.3938, 1.2669489, 1.4877614]]; classify the embedding [-4.6817546,2.8473163,-3.039707,-0.97847295,-1.8237445] as either ""walking upstairs"" or ""standing"", considering the minimum distance to the example embeddings, provided that the distance metric chosen is euclidean distance. Answer in one word.",Walking upstairs,walking upstairs
52,"The following given embeddings correspond to ""walking upstairs"": [[-4.1193147, 2.8681557, 1.2627962, -0.73517627, -0.7707147]], and the following given embeddings correspond to ""standing"": [[2.1066544, -5.131281, -2.029693, -0.62923896, -0.8232381]]; classify the embedding [-3.2790256,1.3436085,-0.69321316,1.0810105,-1.5936505] as either ""walking upstairs"" or ""standing"", considering the minimum distance to the example embeddings, provided that the distance metric chosen is euclidean distance. Answer in one word.",Walking upstairs,"""walking upstairs"""
53,"The following given embeddings correspond to ""walking upstairs"": [[-6.25396, 3.1759472, -1.7607567, 0.7290308, -0.8895179]], and the following given embeddings correspond to ""standing"": [[-0.24310903, -7.191717, -1.5168446, 0.8937718, -1.0833213]]; classify the embedding [-4.2420325,2.9695554,1.2048051,-0.714084,-1.022318] as either ""walking upstairs"" or ""standing"", considering the minimum distance to the example embeddings, provided that the distance metric chosen is euclidean distance. Answer in one word.",Walking upstairs,"""walking upstairs"""
54,"The following given embeddings correspond to ""walking upstairs"": [[-4.04851, 7.235186, -0.57348543, 2.0583763, 0.5501709]], and the following given embeddings correspond to ""standing"": [[0.49267638, -4.3916917, -2.9657083, -0.66245466, 0.46364462]]; classify the embedding [-4.4912276,3.7096927,-0.5026423,-3.0412376,0.10126639] as either ""walking upstairs"" or ""standing"", considering the minimum distance to the example embeddings, provided that the distance metric chosen is euclidean distance. Answer in one word.",Walking upstairs,"""standing"""
55,"The following given embeddings correspond to ""walking upstairs"": [[-5.5236406, 4.6840796, 1.7606262, 0.6753489, 0.15990359]], and the following given embeddings correspond to ""standing"": [[-1.02995, -5.3799677, 0.79357797, 0.48855865, -0.066243276]]; classify the embedding [-5.5321465,4.4333677,-0.044434663,0.54398245,1.5371042] as either ""walking upstairs"" or ""standing"", considering the minimum distance to the example embeddings, provided that the distance metric chosen is euclidean distance. Answer in one word.",Walking upstairs,"""walking upstairs"""
56,"The following given embeddings correspond to ""walking upstairs"": [[-3.2428114, 2.3284461, 0.14955412, -0.38134545, -1.7283546]], and the following given embeddings correspond to ""standing"": [[0.33126253, -5.8765626, 2.5152063, -1.583076, 1.7431844]]; classify the embedding [-4.868755,1.8136628,-2.8780272,-0.72393876,-0.84299564] as either ""walking upstairs"" or ""standing"", considering the minimum distance to the example embeddings, provided that the distance metric chosen is euclidean distance. Answer in one word.",Walking upstairs,"""walking upstairs"""
57,"The following given embeddings correspond to ""walking upstairs"": [[-4.07806, 3.8726747, 0.022469329, -2.2706592, 0.7202187]], and the following given embeddings correspond to ""standing"": [[0.38642302, -3.7811487, -1.7464687, -0.8104415, -1.7150055]]; classify the embedding [2.6203108,-3.5963151,-1.0426476,-0.16326778,-0.5297625] as either ""walking upstairs"" or ""standing"", considering the minimum distance to the example embeddings, provided that the distance metric chosen is euclidean distance. Answer in one word.",Standing,"""Standing"""
58,"The following given embeddings correspond to ""walking upstairs"": [[-6.096328, 3.09931, -2.2246444, -0.22922505, -0.6155426]], and the following given embeddings correspond to ""standing"": [[0.33126253, -5.8765626, 2.5152063, -1.583076, 1.7431844]]; classify the embedding [-0.37850675,-3.2671413,0.2770736,0.35051423,-2.1660113] as either ""walking upstairs"" or ""standing"", considering the minimum distance to the example embeddings, provided that the distance metric chosen is euclidean distance. Answer in one word.",Standing,standing
59,"The following given embeddings correspond to ""walking upstairs"": [[-5.079572, 5.9357934, -0.9309995, 0.047605228, 0.6110321]], and the following given embeddings correspond to ""standing"": [[-0.27208176, -6.4738917, -1.2048771, 1.4389614, -0.5019009]]; classify the embedding [-0.8480686,-2.2976747,0.3399476,0.66664404,0.0349999] as either ""walking upstairs"" or ""standing"", considering the minimum distance to the example embeddings, provided that the distance metric chosen is euclidean distance. Answer in one word.",Standing,"""standing"""
60,"The following given embeddings correspond to ""walking upstairs"": [[-5.7137513, 2.2670653, -2.4821918, 1.4776005, -1.1167184]], and the following given embeddings correspond to ""standing"": [[0.43911594, -4.514762, 0.10684053, 2.785006, -0.3849022]]; classify the embedding [-0.7734169,-3.7895575,0.12739636,-0.24388409,-0.8917105] as either ""walking upstairs"" or ""standing"", considering the minimum distance to the example embeddings, provided that the distance metric chosen is euclidean distance. Answer in one word.",Standing,"""standing"""
61,"The following given embeddings correspond to ""walking upstairs"": [[-5.730072, 4.125327, 1.2120308, 0.9051691, 0.8371698]], and the following given embeddings correspond to ""standing"": [[-0.45104116, -7.27004, 0.2817691, -0.72929615, 1.5948411]]; classify the embedding [-2.3166962,-1.160856,0.003838245,-1.1532955,1.307919] as either ""walking upstairs"" or ""standing"", considering the minimum distance to the example embeddings, provided that the distance metric chosen is euclidean distance. Answer in one word.",Standing,"""standing"""
62,"The following given embeddings correspond to ""walking upstairs"": [[-5.6428933, 4.208862, -0.53602725, 0.2651943, 1.4663367]], and the following given embeddings correspond to ""standing"": [[0.28511685, -3.8836083, 1.9900826, -1.293734, 0.4516938]]; classify the embedding [-1.491848,-0.96880174,-0.15585656,0.43682182,0.8348927] as either ""walking upstairs"" or ""standing"", considering the minimum distance to the example embeddings, provided that the distance metric chosen is euclidean distance. Answer in one word.",Standing,"""standing"""
63,"The following given embeddings correspond to ""walking upstairs"": [[-3.0502517, 1.7913238, -1.1927105, 0.737132, -1.0657306]], and the following given embeddings correspond to ""standing"": [[-0.1502988, -8.125089, 0.77492493, -1.0289016, 0.837981]]; classify the embedding [-0.8307686,-1.3928592,-0.65702796,-1.2118132,1.0559479] as either ""walking upstairs"" or ""standing"", considering the minimum distance to the example embeddings, provided that the distance metric chosen is euclidean distance. Answer in one word.",Standing,"""standing"""
64,"The following given embeddings correspond to ""walking upstairs"": [[-5.7137513, 2.2670653, -2.4821918, 1.4776005, -1.1167184]], and the following given embeddings correspond to ""standing"": [[-1.02995, -5.3799677, 0.79357797, 0.48855865, -0.066243276]]; classify the embedding [2.1066544,-5.131281,-2.029693,-0.62923896,-0.8232381] as either ""walking upstairs"" or ""standing"", considering the minimum distance to the example embeddings, provided that the distance metric chosen is euclidean distance. Answer in one word.",Standing,"""standing"""
65,"The following given embeddings correspond to ""walking upstairs"": [[-4.1193147, 2.8681557, 1.2627962, -0.73517627, -0.7707147]], and the following given embeddings correspond to ""standing"": [[-1.2091838, -6.4960647, 0.8277728, 0.5192777, 2.2299154]]; classify the embedding [-4.4333515,-1.2788,-0.08170689,0.48117024,1.3289446] as either ""walking upstairs"" or ""standing"", considering the minimum distance to the example embeddings, provided that the distance metric chosen is euclidean distance. Answer in one word.",Standing,"""standing"""
66,"The following given embeddings correspond to ""walking upstairs"": [[-3.4791412, 7.4584723, -2.4814892, 1.726004, 0.1729171]], and the following given embeddings correspond to ""standing"": [[0.49267638, -4.3916917, -2.9657083, -0.66245466, 0.46364462]]; classify the embedding [-2.0301006,-4.0873337,0.08190511,-0.6597728,-1.3511785] as either ""walking upstairs"" or ""standing"", considering the minimum distance to the example embeddings, provided that the distance metric chosen is euclidean distance. Answer in one word.",Standing,"""standing"""
67,"The following given embeddings correspond to ""walking upstairs"": [[-5.307865, 4.1155, 1.6328663, 0.27352458, -0.7614025]], and the following given embeddings correspond to ""standing"": [[0.9175852, -4.979748, -1.7302738, -1.876939, -0.8293218]]; classify the embedding [-0.0011116681,-3.4599752,-1.7144727,0.28049263,-0.074395] as either ""walking upstairs"" or ""standing"", considering the minimum distance to the example embeddings, provided that the distance metric chosen is euclidean distance. Answer in one word.",Standing,"""standing"""
68,"The following given embeddings correspond to ""walking upstairs"": [[-4.406009, 3.0921407, -2.333903, -1.1622133, -2.1974497]], and the following given embeddings correspond to ""standing"": [[1.268895, -4.001906, 0.3765316, 2.8067417, 0.5548483]]; classify the embedding [-0.71889454,-1.5942482,-0.1239291,-0.87700665,1.1667885] as either ""walking upstairs"" or ""standing"", considering the minimum distance to the example embeddings, provided that the distance metric chosen is euclidean distance. Answer in one word.",Standing,"""standing"""
69,"The following given embeddings correspond to ""walking upstairs"": [[-5.5888467, 4.366289, 1.5215753, 0.53284484, -0.13361911]], and the following given embeddings correspond to ""standing"": [[-2.0301006, -4.0873337, 0.08190511, -0.6597728, -1.3511785]]; classify the embedding [0.38642302,-3.7811487,-1.7464687,-0.8104415,-1.7150055] as either ""walking upstairs"" or ""standing"", considering the minimum distance to the example embeddings, provided that the distance metric chosen is euclidean distance. Answer in one word.",Standing,"""standing"""
70,"The following given embeddings correspond to ""walking upstairs"": [[-4.2420325, 2.9695554, 1.2048051, -0.714084, -1.022318]], and the following given embeddings correspond to ""standing"": [[-4.4333515, -1.2788, -0.08170689, 0.48117024, 1.3289446]]; classify the embedding [-1.3408537,-1.2297168,0.1056077,0.55947465,0.59280515] as either ""walking upstairs"" or ""standing"", considering the minimum distance to the example embeddings, provided that the distance metric chosen is euclidean distance. Answer in one word.",Standing,"""standing"""
71,"The following given embeddings correspond to ""walking upstairs"": [[-5.079572, 5.9357934, -0.9309995, 0.047605228, 0.6110321]], and the following given embeddings correspond to ""standing"": [[-1.4145079, -1.0034944, 1.3938, 1.2669489, 1.4877614]]; classify the embedding [0.9175852,-4.979748,-1.7302738,-1.876939,-0.8293218] as either ""walking upstairs"" or ""standing"", considering the minimum distance to the example embeddings, provided that the distance metric chosen is euclidean distance. Answer in one word.",Standing,"""standing"""
72,"The following given embeddings correspond to ""walking upstairs"": [[-3.4791412, 7.4584723, -2.4814892, 1.726004, 0.1729171]], and the following given embeddings correspond to ""standing"": [[-0.55919915, -7.8148766, -1.510627, 0.53975475, 1.3182033]]; classify the embedding [0.49267638,-4.3916917,-2.9657083,-0.66245466,0.46364462] as either ""walking upstairs"" or ""standing"", considering the minimum distance to the example embeddings, provided that the distance metric chosen is euclidean distance. Answer in one word.",Standing,"""Standing"""
73,"The following given embeddings correspond to ""walking upstairs"": [[-3.0502517, 1.7913238, -1.1927105, 0.737132, -1.0657306]], and the following given embeddings correspond to ""standing"": [[-0.37850675, -3.2671413, 0.2770736, 0.35051423, -2.1660113]]; classify the embedding [0.7897884,-3.5470722,-1.2968684,-1.8538375,0.59023756] as either ""walking upstairs"" or ""standing"", considering the minimum distance to the example embeddings, provided that the distance metric chosen is euclidean distance. Answer in one word.",Standing,"""standing"""
74,"The following given embeddings correspond to ""walking upstairs"": [[-5.076305, 1.7408359, -2.902853, -0.55341023, -0.81120956]], and the following given embeddings correspond to ""standing"": [[-0.390563, -5.1196117, 1.5677732, -0.641395, -1.7045617]]; classify the embedding [0.815274,-4.8200026,-1.9232492,-0.73454756,0.6643015] as either ""walking upstairs"" or ""standing"", considering the minimum distance to the example embeddings, provided that the distance metric chosen is euclidean distance. Answer in one word.",Standing,"""Standing"""
75,"The following given embeddings correspond to ""walking upstairs"": [[-4.6817546, 2.8473163, -3.039707, -0.97847295, -1.8237445]], and the following given embeddings correspond to ""standing"": [[0.38642302, -3.7811487, -1.7464687, -0.8104415, -1.7150055]]; classify the embedding [0.54232264,-4.7298813,-0.78682256,-0.96865726,-0.2580693] as either ""walking upstairs"" or ""standing"", considering the minimum distance to the example embeddings, provided that the distance metric chosen is euclidean distance. Answer in one word.",Standing,"""standing"""
76,"The following given embeddings correspond to ""walking upstairs"": [[-4.5848727, 3.6060658, -0.527894, -2.7992637, 0.27608064]], and the following given embeddings correspond to ""standing"": [[1.1670095, -5.917271, 3.0580719, -0.92566663, -0.5053875]]; classify the embedding [1.3234093,-4.757028,-1.473501,-1.0705961,2.0015128] as either ""walking upstairs"" or ""standing"", considering the minimum distance to the example embeddings, provided that the distance metric chosen is euclidean distance. Answer in one word.",Standing,"""standing"""
77,"The following given embeddings correspond to ""walking upstairs"": [[-2.7751892, 6.3612237, 0.7335022, -0.27231896, -1.61238]], and the following given embeddings correspond to ""standing"": [[-0.1502988, -8.125089, 0.77492493, -1.0289016, 0.837981]]; classify the embedding [2.1592999,-4.1934905,-0.25527808,-1.2154812,-0.108135015] as either ""walking upstairs"" or ""standing"", considering the minimum distance to the example embeddings, provided that the distance metric chosen is euclidean distance. Answer in one word.",Standing,"""Standing"""
78,"The following given embeddings correspond to ""walking upstairs"": [[-3.94809, 1.8131099, -2.3663268, -0.43861553, -1.2786331]], and the following given embeddings correspond to ""standing"": [[0.57154, -4.846886, 3.044382, 0.2269228, 1.3423792]]; classify the embedding [1.0610266,-3.154358,-0.19760524,-0.16350052,-0.5854899] as either ""walking upstairs"" or ""standing"", considering the minimum distance to the example embeddings, provided that the distance metric chosen is euclidean distance. Answer in one word.",Standing,"""standing"""
79,"The following given embeddings correspond to ""walking upstairs"": [[-3.8344731, 5.7693114, -1.5985053, -0.738098, 0.0273768]], and the following given embeddings correspond to ""standing"": [[-0.34298435, -5.876675, 0.2562164, 0.65319175, -0.056260098]]; classify the embedding [-1.8211751,-2.2568395,-0.70064014,-0.9280712,2.9046316] as either ""walking upstairs"" or ""standing"", considering the minimum distance to the example embeddings, provided that the distance metric chosen is euclidean distance. Answer in one word.",Standing,"""standing"""
80,"The following given embeddings correspond to ""walking upstairs"": [[-5.5236406, 4.6840796, 1.7606262, 0.6753489, 0.15990359]], and the following given embeddings correspond to ""standing"": [[-2.1516275, -1.2631316, 0.8741734, -0.26029497, 2.2838192]]; classify the embedding [1.5887738,-4.937034,-0.5566278,-0.09922437,-1.4943081] as either ""walking upstairs"" or ""standing"", considering the minimum distance to the example embeddings, provided that the distance metric chosen is euclidean distance. Answer in one word.",Standing,"""Standing"""
81,"The following given embeddings correspond to ""walking upstairs"": [[-3.1772337, 3.0382633, -1.4780004, 1.4260274, -0.6216547]], and the following given embeddings correspond to ""standing"": [[-1.4145079, -1.0034944, 1.3938, 1.2669489, 1.4877614]]; classify the embedding [-0.021277925,-4.5891347,-1.6399105,-0.4412619,-1.1156725] as either ""walking upstairs"" or ""standing"", considering the minimum distance to the example embeddings, provided that the distance metric chosen is euclidean distance. Answer in one word.",Standing,standing
82,"The following given embeddings correspond to ""walking upstairs"": [[-4.07806, 3.8726747, 0.022469329, -2.2706592, 0.7202187]], and the following given embeddings correspond to ""standing"": [[0.7897884, -3.5470722, -1.2968684, -1.8538375, 0.59023756]]; classify the embedding [-0.18211886,-3.3229125,2.13622,-0.10512839,0.3719291] as either ""walking upstairs"" or ""standing"", considering the minimum distance to the example embeddings, provided that the distance metric chosen is euclidean distance. Answer in one word.",Standing,"""standing"""
83,"The following given embeddings correspond to ""walking upstairs"": [[-2.9843829, 7.157519, -1.0529609, 2.5267282, 0.68287504]], and the following given embeddings correspond to ""standing"": [[-1.5013454, -3.188348, 0.5881717, 1.2744664, 0.21123861]]; classify the embedding [1.2490602,-4.0088043,1.634809,-2.318733,0.8710571] as either ""walking upstairs"" or ""standing"", considering the minimum distance to the example embeddings, provided that the distance metric chosen is euclidean distance. Answer in one word.",Standing,"""standing"""
84,"The following given embeddings correspond to ""walking upstairs"": [[-3.120091, 5.3768377, -2.0916028, -0.8420451, 0.31694996]], and the following given embeddings correspond to ""standing"": [[1.3234093, -4.757028, -1.473501, -1.0705961, 2.0015128]]; classify the embedding [1.5162287,-4.791724,2.2312758,-0.28917992,-1.3853108] as either ""walking upstairs"" or ""standing"", considering the minimum distance to the example embeddings, provided that the distance metric chosen is euclidean distance. Answer in one word.",Standing,"""standing"""
85,"The following given embeddings correspond to ""walking upstairs"": [[-4.885994, 1.7323529, -2.90344, -0.7125339, -0.8495937]], and the following given embeddings correspond to ""standing"": [[-1.0807214, -5.011153, -1.5883826, -1.9364111, -0.27532908]]; classify the embedding [0.8091439,-4.6456738,3.2592332,-1.4874858,-0.7720761] as either ""walking upstairs"" or ""standing"", considering the minimum distance to the example embeddings, provided that the distance metric chosen is euclidean distance. Answer in one word.",Standing,"""standing"""
86,"The following given embeddings correspond to ""walking upstairs"": [[-2.9843829, 7.157519, -1.0529609, 2.5267282, 0.68287504]], and the following given embeddings correspond to ""standing"": [[-1.2550309, -6.0997043, -0.85786074, 0.20409265, 0.9750787]]; classify the embedding [-0.61981934,-4.2554836,2.4215646,-1.3993366,1.563948] as either ""walking upstairs"" or ""standing"", considering the minimum distance to the example embeddings, provided that the distance metric chosen is euclidean distance. Answer in one word.",Standing,"""standing"""
87,"The following given embeddings correspond to ""walking upstairs"": [[-2.1304395, 6.9746146, 1.0861703, 1.1347502, -1.2420224]], and the following given embeddings correspond to ""standing"": [[-1.02995, -5.3799677, 0.79357797, 0.48855865, -0.066243276]]; classify the embedding [-2.425042,-2.5047438,1.8388056,-0.80279386,0.9510809] as either ""walking upstairs"" or ""standing"", considering the minimum distance to the example embeddings, provided that the distance metric chosen is euclidean distance. Answer in one word.",Standing,"""Standing"""
88,"The following given embeddings correspond to ""walking upstairs"": [[-3.0502517, 1.7913238, -1.1927105, 0.737132, -1.0657306]], and the following given embeddings correspond to ""standing"": [[1.4876679, -5.2338014, 2.115555, -2.007642, -0.23271745]]; classify the embedding [-1.3037893,-3.3445573,2.4345524,-1.2069108,1.9298205] as either ""walking upstairs"" or ""standing"", considering the minimum distance to the example embeddings, provided that the distance metric chosen is euclidean distance. Answer in one word.",Standing,"""standing"""
89,"The following given embeddings correspond to ""walking upstairs"": [[-3.2790256, 1.3436085, -0.69321316, 1.0810105, -1.5936505]], and the following given embeddings correspond to ""standing"": [[0.33126253, -5.8765626, 2.5152063, -1.583076, 1.7431844]]; classify the embedding [0.79600793,-6.7479577,-0.4308525,0.8520164,2.849198] as either ""walking upstairs"" or ""standing"", considering the minimum distance to the example embeddings, provided that the distance metric chosen is euclidean distance. Answer in one word.",Standing,"""standing"""
90,"The following given embeddings correspond to ""walking upstairs"": [[-5.5321465, 4.4333677, -0.044434663, 0.54398245, 1.5371042]], and the following given embeddings correspond to ""standing"": [[-2.1516275, -1.2631316, 0.8741734, -0.26029497, 2.2838192]]; classify the embedding [0.8743894,-5.3194,2.1304884,-2.537498,1.4558432] as either ""walking upstairs"" or ""standing"", considering the minimum distance to the example embeddings, provided that the distance metric chosen is euclidean distance. Answer in one word.",Standing,"""Standing"""
91,"The following given embeddings correspond to ""walking upstairs"": [[-3.2428114, 2.3284461, 0.14955412, -0.38134545, -1.7283546]], and the following given embeddings correspond to ""standing"": [[1.0000443, -4.107597, 2.4854112, -1.4460403, 0.22468321]]; classify the embedding [-0.390563,-5.1196117,1.5677732,-0.641395,-1.7045617] as either ""walking upstairs"" or ""standing"", considering the minimum distance to the example embeddings, provided that the distance metric chosen is euclidean distance. Answer in one word.",Standing,"""standing"""
92,"The following given embeddings correspond to ""walking upstairs"": [[-3.0502517, 1.7913238, -1.1927105, 0.737132, -1.0657306]], and the following given embeddings correspond to ""standing"": [[-0.34298435, -5.876675, 0.2562164, 0.65319175, -0.056260098]]; classify the embedding [0.57154,-4.846886,3.044382,0.2269228,1.3423792] as either ""walking upstairs"" or ""standing"", considering the minimum distance to the example embeddings, provided that the distance metric chosen is euclidean distance. Answer in one word.",Standing,"""standing"""
93,"The following given embeddings correspond to ""walking upstairs"": [[-3.0502517, 1.7913238, -1.1927105, 0.737132, -1.0657306]], and the following given embeddings correspond to ""standing"": [[-1.6940695, -8.067567, 0.4286485, 0.880811, 1.3184977]]; classify the embedding [0.33968276,-4.656997,2.1766343,-0.53746927,0.13529515] as either ""walking upstairs"" or ""standing"", considering the minimum distance to the example embeddings, provided that the distance metric chosen is euclidean distance. Answer in one word.",Standing,"""standing"""
94,"The following given embeddings correspond to ""walking upstairs"": [[-5.7137513, 2.2670653, -2.4821918, 1.4776005, -1.1167184]], and the following given embeddings correspond to ""standing"": [[0.79600793, -6.7479577, -0.4308525, 0.8520164, 2.849198]]; classify the embedding [1.0735214,-3.6709797,2.1799097,-0.96926457,-0.039189808] as either ""walking upstairs"" or ""standing"", considering the minimum distance to the example embeddings, provided that the distance metric chosen is euclidean distance. Answer in one word.",Standing,"""Standing"""
95,"The following given embeddings correspond to ""walking upstairs"": [[-5.9364657, 2.2319982, -2.053843, 1.5356833, -1.0108643]], and the following given embeddings correspond to ""standing"": [[1.5162287, -4.791724, 2.2312758, -0.28917992, -1.3853108]]; classify the embedding [0.19805045,-3.9104125,2.0605342,-1.0816233,0.5436765] as either ""walking upstairs"" or ""standing"", considering the minimum distance to the example embeddings, provided that the distance metric chosen is euclidean distance. Answer in one word.",Standing,"""standing"""
96,"The following given embeddings correspond to ""walking upstairs"": [[-5.314758, 2.9073749, -2.8130364, -0.95246446, -0.726452]], and the following given embeddings correspond to ""standing"": [[-0.69651926, -6.074361, 1.0178714, 2.2499392, 1.1946199]]; classify the embedding [2.8567665,-5.4045644,1.5231338,-1.7796344,-0.43451694] as either ""walking upstairs"" or ""standing"", considering the minimum distance to the example embeddings, provided that the distance metric chosen is euclidean distance. Answer in one word.",Standing,"""standing"""
97,"The following given embeddings correspond to ""walking upstairs"": [[-6.224316, 2.457638, -1.6116703, 0.872811, -0.46810338]], and the following given embeddings correspond to ""standing"": [[1.5887738, -4.937034, -0.5566278, -0.09922437, -1.4943081]]; classify the embedding [0.28511685,-3.8836083,1.9900826,-1.293734,0.4516938] as either ""walking upstairs"" or ""standing"", considering the minimum distance to the example embeddings, provided that the distance metric chosen is euclidean distance. Answer in one word.",Standing,"""standing"""
98,"The following given embeddings correspond to ""walking upstairs"": [[-4.4912276, 3.7096927, -0.5026423, -3.0412376, 0.10126639]], and the following given embeddings correspond to ""standing"": [[-0.122257024, -7.3535695, -0.78678185, -2.234852, 0.20996147]]; classify the embedding [1.1670095,-5.917271,3.0580719,-0.92566663,-0.5053875] as either ""walking upstairs"" or ""standing"", considering the minimum distance to the example embeddings, provided that the distance metric chosen is euclidean distance. Answer in one word.",Standing,"""Standing"""
99,"The following given embeddings correspond to ""walking upstairs"": [[-6.361476, 3.2365205, -0.705585, 0.6885916, 0.10376305]], and the following given embeddings correspond to ""standing"": [[1.0610266, -3.154358, -0.19760524, -0.16350052, -0.5854899]]; classify the embedding [-0.15487894,-4.387275,0.9817192,-2.4310198,1.3623474] as either ""walking upstairs"" or ""standing"", considering the minimum distance to the example embeddings, provided that the distance metric chosen is euclidean distance. Answer in one word.",Standing,"""standing"""
100,"The following given embeddings correspond to ""walking upstairs"": [[-3.4791412, 7.4584723, -2.4814892, 1.726004, 0.1729171]], and the following given embeddings correspond to ""standing"": [[-2.698562, -6.6346006, 0.7807232, -0.5739729, 0.46439907]]; classify the embedding [-0.41067058,-1.8085299,1.7301626,-1.0659847,1.0118015] as either ""walking upstairs"" or ""standing"", considering the minimum distance to the example embeddings, provided that the distance metric chosen is euclidean distance. Answer in one word.",Standing,"""standing"""
101,"The following given embeddings correspond to ""walking upstairs"": [[-4.1193147, 2.8681557, 1.2627962, -0.73517627, -0.7707147]], and the following given embeddings correspond to ""standing"": [[-0.15487894, -4.387275, 0.9817192, -2.4310198, 1.3623474]]; classify the embedding [-1.4145079,-1.0034944,1.3938,1.2669489,1.4877614] as either ""walking upstairs"" or ""standing"", considering the minimum distance to the example embeddings, provided that the distance metric chosen is euclidean distance. Answer in one word.",Standing,standing
102,"The following given embeddings correspond to ""walking upstairs"": [[-3.7010624, 2.3592887, 0.63671553, -0.6013471, -0.98583037]], and the following given embeddings correspond to ""standing"": [[-1.7835755, -2.5389419, 0.11771666, 0.56437194, 2.4239557]]; classify the embedding [1.0000443,-4.107597,2.4854112,-1.4460403,0.22468321] as either ""walking upstairs"" or ""standing"", considering the minimum distance to the example embeddings, provided that the distance metric chosen is euclidean distance. Answer in one word.",Standing,"""standing"""
103,"The following given embeddings correspond to ""walking upstairs"": [[-2.7751892, 6.3612237, 0.7335022, -0.27231896, -1.61238]], and the following given embeddings correspond to ""standing"": [[-1.3037893, -3.3445573, 2.4345524, -1.2069108, 1.9298205]]; classify the embedding [0.6844221,-3.2300787,1.4542309,-0.55266565,1.9629766] as either ""walking upstairs"" or ""standing"", considering the minimum distance to the example embeddings, provided that the distance metric chosen is euclidean distance. Answer in one word.",Standing,"""standing"""
104,"The following given embeddings correspond to ""walking upstairs"": [[-4.7134924, 3.6589568, -0.71499735, -2.8685927, 0.38147187]], and the following given embeddings correspond to ""standing"": [[0.25293824, -4.7755814, 0.086997114, 0.27772316, 1.31074]]; classify the embedding [1.4876679,-5.2338014,2.115555,-2.007642,-0.23271745] as either ""walking upstairs"" or ""standing"", considering the minimum distance to the example embeddings, provided that the distance metric chosen is euclidean distance. Answer in one word.",Standing,"""standing"""
105,"The following given embeddings correspond to ""walking upstairs"": [[-4.001965, 4.7209125, -1.9907018, -1.653356, 0.14284374]], and the following given embeddings correspond to ""standing"": [[1.0162781, -8.171378, -0.4571596, -0.7013477, 1.0654172]]; classify the embedding [-1.7430726,-4.4285793,0.72599304,-1.613758,0.11721484] as either ""walking upstairs"" or ""standing"", considering the minimum distance to the example embeddings, provided that the distance metric chosen is euclidean distance. Answer in one word.",Standing,"""Standing"""
106,"The following given embeddings correspond to ""walking upstairs"": [[-3.2790256, 1.3436085, -0.69321316, 1.0810105, -1.5936505]], and the following given embeddings correspond to ""standing"": [[0.38642302, -3.7811487, -1.7464687, -0.8104415, -1.7150055]]; classify the embedding [0.33126253,-5.8765626,2.5152063,-1.583076,1.7431844] as either ""walking upstairs"" or ""standing"", considering the minimum distance to the example embeddings, provided that the distance metric chosen is euclidean distance. Answer in one word.",Standing,"""Standing"""
107,"The following given embeddings correspond to ""walking upstairs"": [[-2.9843829, 7.157519, -1.0529609, 2.5267282, 0.68287504]], and the following given embeddings correspond to ""standing"": [[-0.0011116681, -3.4599752, -1.7144727, 0.28049263, -0.074395]]; classify the embedding [0.25293824,-4.7755814,0.086997114,0.27772316,1.31074] as either ""walking upstairs"" or ""standing"", considering the minimum distance to the example embeddings, provided that the distance metric chosen is euclidean distance. Answer in one word.",Standing,"""standing"""
108,"The following given embeddings correspond to ""walking upstairs"": [[-6.11066, 3.0776792, -0.46450174, 0.9497943, -0.40563044]], and the following given embeddings correspond to ""standing"": [[-1.7970709, -3.0750816, 2.3151143, -1.4559888, 3.0158563]]; classify the embedding [-1.7835755,-2.5389419,0.11771666,0.56437194,2.4239557] as either ""walking upstairs"" or ""standing"", considering the minimum distance to the example embeddings, provided that the distance metric chosen is euclidean distance. Answer in one word.",Standing,"""standing"""
109,"The following given embeddings correspond to ""walking upstairs"": [[-5.792083, 3.3064451, -0.92833024, 1.219453, -0.9610221]], and the following given embeddings correspond to ""standing"": [[-3.1728165, -3.0671113, -0.11794054, 1.2220551, 1.9511355]]; classify the embedding [-0.9421838,-2.0975964,0.43702975,0.95452386,-0.47477707] as either ""walking upstairs"" or ""standing"", considering the minimum distance to the example embeddings, provided that the distance metric chosen is euclidean distance. Answer in one word.",Standing,"""Standing"""
110,"The following given embeddings correspond to ""walking upstairs"": [[-6.11066, 3.0776792, -0.46450174, 0.9497943, -0.40563044]], and the following given embeddings correspond to ""standing"": [[-0.9421838, -2.0975964, 0.43702975, 0.95452386, -0.47477707]]; classify the embedding [2.3803074,-5.583306,0.42926672,1.4232881,0.03815536] as either ""walking upstairs"" or ""standing"", considering the minimum distance to the example embeddings, provided that the distance metric chosen is euclidean distance. Answer in one word.",Standing,"""standing"""
111,"The following given embeddings correspond to ""walking upstairs"": [[-6.25396, 3.1759472, -1.7607567, 0.7290308, -0.8895179]], and the following given embeddings correspond to ""standing"": [[-2.698562, -6.6346006, 0.7807232, -0.5739729, 0.46439907]]; classify the embedding [-2.906954,-0.7764597,0.13196756,0.1587295,0.8186647] as either ""walking upstairs"" or ""standing"", considering the minimum distance to the example embeddings, provided that the distance metric chosen is euclidean distance. Answer in one word.",Standing,"""standing"""
112,"The following given embeddings correspond to ""walking upstairs"": [[-6.25396, 3.1759472, -1.7607567, 0.7290308, -0.8895179]], and the following given embeddings correspond to ""standing"": [[0.57154, -4.846886, 3.044382, 0.2269228, 1.3423792]]; classify the embedding [-0.27208176,-6.4738917,-1.2048771,1.4389614,-0.5019009] as either ""walking upstairs"" or ""standing"", considering the minimum distance to the example embeddings, provided that the distance metric chosen is euclidean distance. Answer in one word.",Standing,"""standing"""
113,"The following given embeddings correspond to ""walking upstairs"": [[-5.9118295, 3.2700853, 0.86460096, 0.8949979, 0.06862982]], and the following given embeddings correspond to ""standing"": [[-1.2550309, -6.0997043, -0.85786074, 0.20409265, 0.9750787]]; classify the embedding [0.7663479,-5.4260664,-1.7949287,1.2523683,1.0620341] as either ""walking upstairs"" or ""standing"", considering the minimum distance to the example embeddings, provided that the distance metric chosen is euclidean distance. Answer in one word.",Standing,"""standing"""
114,"The following given embeddings correspond to ""walking upstairs"": [[-3.1323664, 6.8147798, -1.2063615, 2.06047, 0.9670218]], and the following given embeddings correspond to ""standing"": [[-0.0011116681, -3.4599752, -1.7144727, 0.28049263, -0.074395]]; classify the embedding [-0.48386955,-5.938403,-0.17050098,-1.541699,-1.4257863] as either ""walking upstairs"" or ""standing"", considering the minimum distance to the example embeddings, provided that the distance metric chosen is euclidean distance. Answer in one word.",Standing,"""standing"""
115,"The following given embeddings correspond to ""walking upstairs"": [[-5.6428933, 4.208862, -0.53602725, 0.2651943, 1.4663367]], and the following given embeddings correspond to ""standing"": [[-0.27208176, -6.4738917, -1.2048771, 1.4389614, -0.5019009]]; classify the embedding [1.3765509,-4.3166237,0.26958993,1.6892262,0.62252665] as either ""walking upstairs"" or ""standing"", considering the minimum distance to the example embeddings, provided that the distance metric chosen is euclidean distance. Answer in one word.",Standing,"""Standing"""
116,"The following given embeddings correspond to ""walking upstairs"": [[-4.885994, 1.7323529, -2.90344, -0.7125339, -0.8495937]], and the following given embeddings correspond to ""standing"": [[2.1066544, -5.131281, -2.029693, -0.62923896, -0.8232381]]; classify the embedding [1.4495947,-6.170768,-0.17415261,-0.40479907,0.53894454] as either ""walking upstairs"" or ""standing"", considering the minimum distance to the example embeddings, provided that the distance metric chosen is euclidean distance. Answer in one word.",Standing,"""standing"""
117,"The following given embeddings correspond to ""walking upstairs"": [[-4.6817546, 2.8473163, -3.039707, -0.97847295, -1.8237445]], and the following given embeddings correspond to ""standing"": [[-1.3113775, -7.343843, 0.43057758, -0.04995444, 1.1017821]]; classify the embedding [0.43911594,-4.514762,0.10684053,2.785006,-0.3849022] as either ""walking upstairs"" or ""standing"", considering the minimum distance to the example embeddings, provided that the distance metric chosen is euclidean distance. Answer in one word.",Standing,"""standing"""
118,"The following given embeddings correspond to ""walking upstairs"": [[-4.009219, 3.1789849, -0.87990713, -2.2521818, 1.4930665]], and the following given embeddings correspond to ""standing"": [[-1.5013454, -3.188348, 0.5881717, 1.2744664, 0.21123861]]; classify the embedding [0.07822245,-4.6281385,-0.62153,0.9922517,0.8274268] as either ""walking upstairs"" or ""standing"", considering the minimum distance to the example embeddings, provided that the distance metric chosen is euclidean distance. Answer in one word.",Standing,"""standing"""
119,"The following given embeddings correspond to ""walking upstairs"": [[-4.1193147, 2.8681557, 1.2627962, -0.73517627, -0.7707147]], and the following given embeddings correspond to ""standing"": [[-1.7835755, -2.5389419, 0.11771666, 0.56437194, 2.4239557]]; classify the embedding [0.2181436,-5.159551,-0.6815195,-0.5624023,0.028550828] as either ""walking upstairs"" or ""standing"", considering the minimum distance to the example embeddings, provided that the distance metric chosen is euclidean distance. Answer in one word.",Standing,"""Standing"""
120,"The following given embeddings correspond to ""walking upstairs"": [[-2.9843829, 7.157519, -1.0529609, 2.5267282, 0.68287504]], and the following given embeddings correspond to ""standing"": [[0.8091439, -4.6456738, 3.2592332, -1.4874858, -0.7720761]]; classify the embedding [-1.9468635,-2.1567733,-1.0101343,1.9028323,1.6436882] as either ""walking upstairs"" or ""standing"", considering the minimum distance to the example embeddings, provided that the distance metric chosen is euclidean distance. Answer in one word.",Standing,"""Standing"""
121,"The following given embeddings correspond to ""walking upstairs"": [[-3.94809, 1.8131099, -2.3663268, -0.43861553, -1.2786331]], and the following given embeddings correspond to ""standing"": [[-0.9421838, -2.0975964, 0.43702975, 0.95452386, -0.47477707]]; classify the embedding [-1.8248644,-2.5794911,0.68523884,0.511835,3.036274] as either ""walking upstairs"" or ""standing"", considering the minimum distance to the example embeddings, provided that the distance metric chosen is euclidean distance. Answer in one word.",Standing,"""Standing"""
122,"The following given embeddings correspond to ""walking upstairs"": [[-2.7751892, 6.3612237, 0.7335022, -0.27231896, -1.61238]], and the following given embeddings correspond to ""standing"": [[0.38642302, -3.7811487, -1.7464687, -0.8104415, -1.7150055]]; classify the embedding [-0.34298435,-5.876675,0.2562164,0.65319175,-0.056260098] as either ""walking upstairs"" or ""standing"", considering the minimum distance to the example embeddings, provided that the distance metric chosen is euclidean distance. Answer in one word.",Standing,"""Standing"""
123,"The following given embeddings correspond to ""walking upstairs"": [[-5.6428933, 4.208862, -0.53602725, 0.2651943, 1.4663367]], and the following given embeddings correspond to ""standing"": [[-2.724449, -1.5231323, 0.7832685, -0.31307814, 3.1096864]]; classify the embedding [0.1324844,-3.3759797,-0.6015485,1.5670799,1.8953942] as either ""walking upstairs"" or ""standing"", considering the minimum distance to the example embeddings, provided that the distance metric chosen is euclidean distance. Answer in one word.",Standing,"""standing"""
124,"The following given embeddings correspond to ""walking upstairs"": [[-3.94809, 1.8131099, -2.3663268, -0.43861553, -1.2786331]], and the following given embeddings correspond to ""standing"": [[0.2181436, -5.159551, -0.6815195, -0.5624023, 0.028550828]]; classify the embedding [-3.1728165,-3.0671113,-0.11794054,1.2220551,1.9511355] as either ""walking upstairs"" or ""standing"", considering the minimum distance to the example embeddings, provided that the distance metric chosen is euclidean distance. Answer in one word.",Standing,"""Standing"""
125,"The following given embeddings correspond to ""walking upstairs"": [[-3.4768486, 2.4624279, -1.3380798, 0.30368152, -1.6878368]], and the following given embeddings correspond to ""standing"": [[0.33126253, -5.8765626, 2.5152063, -1.583076, 1.7431844]]; classify the embedding [-1.1185786,-2.9511583,0.31519985,1.006409,2.205639] as either ""walking upstairs"" or ""standing"", considering the minimum distance to the example embeddings, provided that the distance metric chosen is euclidean distance. Answer in one word.",Standing,"""standing"""
126,"The following given embeddings correspond to ""walking upstairs"": [[-4.6817546, 2.8473163, -3.039707, -0.97847295, -1.8237445]], and the following given embeddings correspond to ""standing"": [[-0.61981934, -4.2554836, 2.4215646, -1.3993366, 1.563948]]; classify the embedding [-1.02995,-5.3799677,0.79357797,0.48855865,-0.066243276] as either ""walking upstairs"" or ""standing"", considering the minimum distance to the example embeddings, provided that the distance metric chosen is euclidean distance. Answer in one word.",Standing,"""standing"""
127,"The following given embeddings correspond to ""walking upstairs"": [[-5.6235905, 4.5995426, 0.9834703, 0.8861999, 1.0988021]], and the following given embeddings correspond to ""standing"": [[-1.1654786, -7.563554, 0.9961349, -1.0652015, 2.1571355]]; classify the embedding [0.86933804,-4.925359,-0.22786577,1.2933285,-0.33108622] as either ""walking upstairs"" or ""standing"", considering the minimum distance to the example embeddings, provided that the distance metric chosen is euclidean distance. Answer in one word.",Standing,"""Standing"""
128,"The following given embeddings correspond to ""walking upstairs"": [[-4.009219, 3.1789849, -0.87990713, -2.2521818, 1.4930665]], and the following given embeddings correspond to ""standing"": [[-0.390563, -5.1196117, 1.5677732, -0.641395, -1.7045617]]; classify the embedding [-2.698562,-6.6346006,0.7807232,-0.5739729,0.46439907] as either ""walking upstairs"" or ""standing"", considering the minimum distance to the example embeddings, provided that the distance metric chosen is euclidean distance. Answer in one word.",Standing,"""standing"""
129,"The following given embeddings correspond to ""walking upstairs"": [[-6.224316, 2.457638, -1.6116703, 0.872811, -0.46810338]], and the following given embeddings correspond to ""standing"": [[-0.48386955, -5.938403, -0.17050098, -1.541699, -1.4257863]]; classify the embedding [-1.5013454,-3.188348,0.5881717,1.2744664,0.21123861] as either ""walking upstairs"" or ""standing"", considering the minimum distance to the example embeddings, provided that the distance metric chosen is euclidean distance. Answer in one word.",Standing,"""standing"""
130,"The following given embeddings correspond to ""walking upstairs"": [[-5.6235905, 4.5995426, 0.9834703, 0.8861999, 1.0988021]], and the following given embeddings correspond to ""standing"": [[-0.9421838, -2.0975964, 0.43702975, 0.95452386, -0.47477707]]; classify the embedding [-2.1516275,-1.2631316,0.8741734,-0.26029497,2.2838192] as either ""walking upstairs"" or ""standing"", considering the minimum distance to the example embeddings, provided that the distance metric chosen is euclidean distance. Answer in one word.",Standing,"""standing"""
131,"The following given embeddings correspond to ""walking upstairs"": [[-4.333715, 3.1364107, -2.2572422, -1.1816716, -2.2926648]], and the following given embeddings correspond to ""standing"": [[-0.45104116, -7.27004, 0.2817691, -0.72929615, 1.5948411]]; classify the embedding [-1.3387595,-2.8138065,1.1431009,1.0927002,3.250423] as either ""walking upstairs"" or ""standing"", considering the minimum distance to the example embeddings, provided that the distance metric chosen is euclidean distance. Answer in one word.",Standing,"""standing"""
132,"The following given embeddings correspond to ""walking upstairs"": [[-4.75639, 4.115443, -0.9465123, -2.1096606, 0.8035668]], and the following given embeddings correspond to ""standing"": [[0.7663479, -5.4260664, -1.7949287, 1.2523683, 1.0620341]]; classify the embedding [-1.3973432,-5.9417167,-0.25421795,1.5720748,1.3101741] as either ""walking upstairs"" or ""standing"", considering the minimum distance to the example embeddings, provided that the distance metric chosen is euclidean distance. Answer in one word.",Standing,"""standing"""
133,"The following given embeddings correspond to ""walking upstairs"": [[-2.7751892, 6.3612237, 0.7335022, -0.27231896, -1.61238]], and the following given embeddings correspond to ""standing"": [[1.268895, -4.001906, 0.3765316, 2.8067417, 0.5548483]]; classify the embedding [-0.8662159,-7.3211117,0.3289122,-0.44151103,1.3616375] as either ""walking upstairs"" or ""standing"", considering the minimum distance to the example embeddings, provided that the distance metric chosen is euclidean distance. Answer in one word.",Standing,"""standing"""
134,"The following given embeddings correspond to ""walking upstairs"": [[-5.307865, 4.1155, 1.6328663, 0.27352458, -0.7614025]], and the following given embeddings correspond to ""standing"": [[2.8567665, -5.4045644, 1.5231338, -1.7796344, -0.43451694]]; classify the embedding [-0.55919915,-7.8148766,-1.510627,0.53975475,1.3182033] as either ""walking upstairs"" or ""standing"", considering the minimum distance to the example embeddings, provided that the distance metric chosen is euclidean distance. Answer in one word.",Standing,"""standing"""
135,"The following given embeddings correspond to ""walking upstairs"": [[-2.7751892, 6.3612237, 0.7335022, -0.27231896, -1.61238]], and the following given embeddings correspond to ""standing"": [[-0.8307686, -1.3928592, -0.65702796, -1.2118132, 1.0559479]]; classify the embedding [-1.2550309,-6.0997043,-0.85786074,0.20409265,0.9750787] as either ""walking upstairs"" or ""standing"", considering the minimum distance to the example embeddings, provided that the distance metric chosen is euclidean distance. Answer in one word.",Standing,standing
136,"The following given embeddings correspond to ""walking upstairs"": [[-2.9843829, 7.157519, -1.0529609, 2.5267282, 0.68287504]], and the following given embeddings correspond to ""standing"": [[-0.71889454, -1.5942482, -0.1239291, -0.87700665, 1.1667885]]; classify the embedding [1.268895,-4.001906,0.3765316,2.8067417,0.5548483] as either ""walking upstairs"" or ""standing"", considering the minimum distance to the example embeddings, provided that the distance metric chosen is euclidean distance. Answer in one word.",Standing,"""standing"""
137,"The following given embeddings correspond to ""walking upstairs"": [[-4.868755, 1.8136628, -2.8780272, -0.72393876, -0.84299564]], and the following given embeddings correspond to ""standing"": [[-0.87057847, -7.2812996, 0.5293755, 0.13348998, 0.87715447]]; classify the embedding [-1.9036592,-1.7204165,0.83895576,1.133883,2.1471384] as either ""walking upstairs"" or ""standing"", considering the minimum distance to the example embeddings, provided that the distance metric chosen is euclidean distance. Answer in one word.",Standing,"""standing"""
138,"The following given embeddings correspond to ""walking upstairs"": [[-5.198532, 1.7559481, -2.8997457, -0.07178157, -1.0049103]], and the following given embeddings correspond to ""standing"": [[-0.021277925, -4.5891347, -1.6399105, -0.4412619, -1.1156725]]; classify the embedding [-1.2091838,-6.4960647,0.8277728,0.5192777,2.2299154] as either ""walking upstairs"" or ""standing"", considering the minimum distance to the example embeddings, provided that the distance metric chosen is euclidean distance. Answer in one word.",Standing,"""Standing"""
139,"The following given embeddings correspond to ""walking upstairs"": [[-3.7010624, 2.3592887, 0.63671553, -0.6013471, -0.98583037]], and the following given embeddings correspond to ""standing"": [[-2.3166962, -1.160856, 0.003838245, -1.1532955, 1.307919]]; classify the embedding [-1.554059,-4.443989,-0.28541714,2.2759018,0.29917392] as either ""walking upstairs"" or ""standing"", considering the minimum distance to the example embeddings, provided that the distance metric chosen is euclidean distance. Answer in one word.",Standing,"""Standing"""
140,"The following given embeddings correspond to ""walking upstairs"": [[-3.6431553, 4.326739, -0.32519883, -2.9261308, 0.31385034]], and the following given embeddings correspond to ""standing"": [[-0.122257024, -7.3535695, -0.78678185, -2.234852, 0.20996147]]; classify the embedding [-1.6940695,-8.067567,0.4286485,0.880811,1.3184977] as either ""walking upstairs"" or ""standing"", considering the minimum distance to the example embeddings, provided that the distance metric chosen is euclidean distance. Answer in one word.",Standing,"""standing"""
141,"The following given embeddings correspond to ""walking upstairs"": [[-3.6431553, 4.326739, -0.32519883, -2.9261308, 0.31385034]], and the following given embeddings correspond to ""standing"": [[0.86933804, -4.925359, -0.22786577, 1.2933285, -0.33108622]]; classify the embedding [-1.1349448,-5.936717,-0.509255,0.92807853,1.4276212] as either ""walking upstairs"" or ""standing"", considering the minimum distance to the example embeddings, provided that the distance metric chosen is euclidean distance. Answer in one word.",Standing,"""standing"""
142,"The following given embeddings correspond to ""walking upstairs"": [[-4.5848727, 3.6060658, -0.527894, -2.7992637, 0.27608064]], and the following given embeddings correspond to ""standing"": [[-1.1654786, -7.563554, 0.9961349, -1.0652015, 2.1571355]]; classify the embedding [0.080886334,-7.168687,-0.5899205,-0.585609,-1.028242] as either ""walking upstairs"" or ""standing"", considering the minimum distance to the example embeddings, provided that the distance metric chosen is euclidean distance. Answer in one word.",Standing,"""standing"""
143,"The following given embeddings correspond to ""walking upstairs"": [[-3.4791412, 7.4584723, -2.4814892, 1.726004, 0.1729171]], and the following given embeddings correspond to ""standing"": [[-0.61981934, -4.2554836, 2.4215646, -1.3993366, 1.563948]]; classify the embedding [-2.724449,-1.5231323,0.7832685,-0.31307814,3.1096864] as either ""walking upstairs"" or ""standing"", considering the minimum distance to the example embeddings, provided that the distance metric chosen is euclidean distance. Answer in one word.",Standing,"""Standing"""
144,"The following given embeddings correspond to ""walking upstairs"": [[-4.4912276, 3.7096927, -0.5026423, -3.0412376, 0.10126639]], and the following given embeddings correspond to ""standing"": [[-2.425042, -2.5047438, 1.8388056, -0.80279386, 0.9510809]]; classify the embedding [-2.2606804,-2.5552304,0.7858912,0.1342451,3.059187] as either ""walking upstairs"" or ""standing"", considering the minimum distance to the example embeddings, provided that the distance metric chosen is euclidean distance. Answer in one word.",Standing,"""standing"""
145,"The following given embeddings correspond to ""walking upstairs"": [[-6.096328, 3.09931, -2.2246444, -0.22922505, -0.6155426]], and the following given embeddings correspond to ""standing"": [[-0.87057847, -7.2812996, 0.5293755, 0.13348998, 0.87715447]]; classify the embedding [-1.0807214,-5.011153,-1.5883826,-1.9364111,-0.27532908] as either ""walking upstairs"" or ""standing"", considering the minimum distance to the example embeddings, provided that the distance metric chosen is euclidean distance. Answer in one word.",Standing,"""standing"""
146,"The following given embeddings correspond to ""walking upstairs"": [[-5.6235905, 4.5995426, 0.9834703, 0.8861999, 1.0988021]], and the following given embeddings correspond to ""standing"": [[-1.9036592, -1.7204165, 0.83895576, 1.133883, 2.1471384]]; classify the embedding [-0.45104116,-7.27004,0.2817691,-0.72929615,1.5948411] as either ""walking upstairs"" or ""standing"", considering the minimum distance to the example embeddings, provided that the distance metric chosen is euclidean distance. Answer in one word.",Standing,"""Standing"""
147,"The following given embeddings correspond to ""walking upstairs"": [[-4.4912276, 3.7096927, -0.5026423, -3.0412376, 0.10126639]], and the following given embeddings correspond to ""standing"": [[-2.3166962, -1.160856, 0.003838245, -1.1532955, 1.307919]]; classify the embedding [-1.1654786,-7.563554,0.9961349,-1.0652015,2.1571355] as either ""walking upstairs"" or ""standing"", considering the minimum distance to the example embeddings, provided that the distance metric chosen is euclidean distance. Answer in one word.",Standing,"""standing"""
148,"The following given embeddings correspond to ""walking upstairs"": [[-3.2790256, 1.3436085, -0.69321316, 1.0810105, -1.5936505]], and the following given embeddings correspond to ""standing"": [[1.3234093, -4.757028, -1.473501, -1.0705961, 2.0015128]]; classify the embedding [-0.87057847,-7.2812996,0.5293755,0.13348998,0.87715447] as either ""walking upstairs"" or ""standing"", considering the minimum distance to the example embeddings, provided that the distance metric chosen is euclidean distance. Answer in one word.",Standing,"""standing"""
149,"The following given embeddings correspond to ""walking upstairs"": [[-2.2148666, 7.5125356, -0.29983285, 1.9586775, -1.7186338]], and the following given embeddings correspond to ""standing"": [[2.6203108, -3.5963151, -1.0426476, -0.16326778, -0.5297625]]; classify the embedding [-1.0336496,-7.396545,-1.2458619,-0.8798205,0.70402074] as either ""walking upstairs"" or ""standing"", considering the minimum distance to the example embeddings, provided that the distance metric chosen is euclidean distance. Answer in one word.",Standing,"""standing"""
150,"The following given embeddings correspond to ""walking upstairs"": [[-4.04851, 7.235186, -0.57348543, 2.0583763, 0.5501709]], and the following given embeddings correspond to ""standing"": [[-0.45104116, -7.27004, 0.2817691, -0.72929615, 1.5948411]]; classify the embedding [-0.1502988,-8.125089,0.77492493,-1.0289016,0.837981] as either ""walking upstairs"" or ""standing"", considering the minimum distance to the example embeddings, provided that the distance metric chosen is euclidean distance. Answer in one word.",Standing,"""standing"""
151,"The following given embeddings correspond to ""walking upstairs"": [[-4.406009, 3.0921407, -2.333903, -1.1622133, -2.1974497]], and the following given embeddings correspond to ""standing"": [[0.38642302, -3.7811487, -1.7464687, -0.8104415, -1.7150055]]; classify the embedding [-1.4784873,-4.7326784,-1.7977663,-0.03624243,2.8499434] as either ""walking upstairs"" or ""standing"", considering the minimum distance to the example embeddings, provided that the distance metric chosen is euclidean distance. Answer in one word.",Standing,"""Standing"""
152,"The following given embeddings correspond to ""walking upstairs"": [[-5.5888467, 4.366289, 1.5215753, 0.53284484, -0.13361911]], and the following given embeddings correspond to ""standing"": [[-0.15487894, -4.387275, 0.9817192, -2.4310198, 1.3623474]]; classify the embedding [-1.1622397,-6.729436,-1.3148535,-0.3342534,2.4129663] as either ""walking upstairs"" or ""standing"", considering the minimum distance to the example embeddings, provided that the distance metric chosen is euclidean distance. Answer in one word.",Standing,"""standing"""
153,"The following given embeddings correspond to ""walking upstairs"": [[-2.7751892, 6.3612237, 0.7335022, -0.27231896, -1.61238]], and the following given embeddings correspond to ""standing"": [[-1.3973432, -5.9417167, -0.25421795, 1.5720748, 1.3101741]]; classify the embedding [-1.3113775,-7.343843,0.43057758,-0.04995444,1.1017821] as either ""walking upstairs"" or ""standing"", considering the minimum distance to the example embeddings, provided that the distance metric chosen is euclidean distance. Answer in one word.",Standing,"""standing"""
154,"The following given embeddings correspond to ""walking upstairs"": [[-5.307865, 4.1155, 1.6328663, 0.27352458, -0.7614025]], and the following given embeddings correspond to ""standing"": [[-0.55919915, -7.8148766, -1.510627, 0.53975475, 1.3182033]]; classify the embedding [1.0162781,-8.171378,-0.4571596,-0.7013477,1.0654172] as either ""walking upstairs"" or ""standing"", considering the minimum distance to the example embeddings, provided that the distance metric chosen is euclidean distance. Answer in one word.",Standing,"""standing"""
155,"The following given embeddings correspond to ""walking upstairs"": [[-5.314758, 2.9073749, -2.8130364, -0.95246446, -0.726452]], and the following given embeddings correspond to ""standing"": [[0.25293824, -4.7755814, 0.086997114, 0.27772316, 1.31074]]; classify the embedding [-0.122257024,-7.3535695,-0.78678185,-2.234852,0.20996147] as either ""walking upstairs"" or ""standing"", considering the minimum distance to the example embeddings, provided that the distance metric chosen is euclidean distance. Answer in one word.",Standing,"""standing"""
156,"The following given embeddings correspond to ""walking upstairs"": [[-4.044665, 4.517953, -0.27345616, -2.1968486, 0.56130874]], and the following given embeddings correspond to ""standing"": [[-4.4333515, -1.2788, -0.08170689, 0.48117024, 1.3289446]]; classify the embedding [-1.7970709,-3.0750816,2.3151143,-1.4559888,3.0158563] as either ""walking upstairs"" or ""standing"", considering the minimum distance to the example embeddings, provided that the distance metric chosen is euclidean distance. Answer in one word.",Standing,"""Standing"""
157,"The following given embeddings correspond to ""walking upstairs"": [[-3.6431553, 4.326739, -0.32519883, -2.9261308, 0.31385034]], and the following given embeddings correspond to ""standing"": [[-0.37850675, -3.2671413, 0.2770736, 0.35051423, -2.1660113]]; classify the embedding [-2.6663508,-4.4948626,0.264353,0.09805482,2.028175] as either ""walking upstairs"" or ""standing"", considering the minimum distance to the example embeddings, provided that the distance metric chosen is euclidean distance. Answer in one word.",Standing,"""standing"""
158,"The following given embeddings correspond to ""walking upstairs"": [[-3.36614, 3.7616687, -0.67783064, -2.328591, 1.3509747]], and the following given embeddings correspond to ""standing"": [[-1.0807214, -5.011153, -1.5883826, -1.9364111, -0.27532908]]; classify the embedding [-2.4032788,-2.9460561,0.14188763,0.40383202,2.3533626] as either ""walking upstairs"" or ""standing"", considering the minimum distance to the example embeddings, provided that the distance metric chosen is euclidean distance. Answer in one word.",Standing,"""Standing"""
159,"The following given embeddings correspond to ""walking upstairs"": [[-3.8344731, 5.7693114, -1.5985053, -0.738098, 0.0273768]], and the following given embeddings correspond to ""standing"": [[-1.554059, -4.443989, -0.28541714, 2.2759018, 0.29917392]]; classify the embedding [-0.29400727,-7.468205,-0.34331116,-0.9634028,-1.6449734] as either ""walking upstairs"" or ""standing"", considering the minimum distance to the example embeddings, provided that the distance metric chosen is euclidean distance. Answer in one word.",Standing,"""standing"""
160,"The following given embeddings correspond to ""walking upstairs"": [[-2.9843829, 7.157519, -1.0529609, 2.5267282, 0.68287504]], and the following given embeddings correspond to ""standing"": [[-1.3973432, -5.9417167, -0.25421795, 1.5720748, 1.3101741]]; classify the embedding [1.3085076,-7.5311084,-0.17717683,0.14791411,-0.87382144] as either ""walking upstairs"" or ""standing"", considering the minimum distance to the example embeddings, provided that the distance metric chosen is euclidean distance. Answer in one word.",Standing,"""standing"""
161,"The following given embeddings correspond to ""walking upstairs"": [[-4.009219, 3.1789849, -0.87990713, -2.2521818, 1.4930665]], and the following given embeddings correspond to ""standing"": [[-2.0301006, -4.0873337, 0.08190511, -0.6597728, -1.3511785]]; classify the embedding [-0.69651926,-6.074361,1.0178714,2.2499392,1.1946199] as either ""walking upstairs"" or ""standing"", considering the minimum distance to the example embeddings, provided that the distance metric chosen is euclidean distance. Answer in one word.",Standing,"""standing"""
162,"The following given embeddings correspond to ""walking upstairs"": [[-4.6817546, 2.8473163, -3.039707, -0.97847295, -1.8237445]], and the following given embeddings correspond to ""standing"": [[0.33968276, -4.656997, 2.1766343, -0.53746927, 0.13529515]]; classify the embedding [-0.24310903,-7.191717,-1.5168446,0.8937718,-1.0833213] as either ""walking upstairs"" or ""standing"", considering the minimum distance to the example embeddings, provided that the distance metric chosen is euclidean distance. Answer in one word.",Standing,"""standing"""
163,"The following given embeddings correspond to ""walking upstairs"": [[-5.6235905, 4.5995426, 0.9834703, 0.8861999, 1.0988021]], and the following given embeddings correspond to ""standing"": [[-1.3408537, -1.2297168, 0.1056077, 0.55947465, 0.59280515]]; classify the embedding [-2.2199,-7.099017,-0.59256107,0.70365554,-0.52198166] as either ""walking upstairs"" or ""standing"", considering the minimum distance to the example embeddings, provided that the distance metric chosen is euclidean distance. Answer in one word.",Standing,"""standing"""
